{
  "eventos": [
    {
      "nombreEvento": "Senior QA Engineer",
      "descripcion": "Senior QA Engineer",
      "fecha": "2021-06-25",
      "id": 1
    },
    {
      "nombreEvento": "Analista de Datos",
      "descripcion": "Evento descripcion",
      "fecha": "2021-08-20",
      "id": 2
    },
    {
      "nombreEvento": "Analista de Datos",
      "descripcion": "Analista de Datos",
      "fecha": "2021-08-11",
      "id": 3
    }
  ],
  "tareas": [
    {
      "nombreTarea": "Elvin",
      "fecha": "2021-08-06",
      "id": 1
    }
  ]
}